email,url
"bolt@2.3.6,8b4e078a51d04e0e9efdf470027f0ec1@sentry.wixpress.com,fetch@3.0.0,bundle@3.2.1,onemorerepcincinnati@gmail.com,1morerepcincinnati@gmail.com,devonsnider2@gmail.com",https://1-more-rep.com/
"bolt@2.3.6,8b4e078a51d04e0e9efdf470027f0ec1@sentry.wixpress.com,contact@101BoxingClub.com,fetch@3.0.0,bundle@3.2.1,contact@101boxingclub.com",https://101boxingclub.com/
info@101surfsports.com,https://101surfsports.com/
"childcare@105F.com,teachertraining@105F.com,childcare@105F.com.,teachertraining@105f.com",https://105f.com/
"childcare@105F.com,teachertraining@105F.com,childcare@105F.com.,teachertraining@105f.com",https://105f.com/
"childcare@105F.com,teachertraining@105F.com,childcare@105F.com.,teachertraining@105f.com",https://105f.com/
Info@10thplanetelpaso.com,https://10thplanetelpaso.com/
"bolt@2.3.6,senciogroup@gmail.com,8b4e078a51d04e0e9efdf470027f0ec1@sentry.wixpress.com,fetch@3.0.0,bundle@3.2.1",https://10thplanetlongbeach.com/
,https://10thplanetwoodbridge.com/
,https://10to8.com/
bsaunders@11athletics.com,https://11athletics.com/
123mooov@gmail.com,https://123mooov.com/
123mooov@gmail.com,https://123mooov.com/
123mooov@gmail.com,https://123mooov.com/
,https://12rnd.com.au/
,https://12rnd.com.au/
,https://12rnd.com.au/
,https://12round.com.au/
,https://12round.com.au/
info@12thstatecrossfit.com,https://12thstatecrossfit.com/
"aldgate@twelvethree.co.uk,paddington@twelvethree.co.uk",https://12x3gym.co.uk/
"aldgate@twelvethree.co.uk,paddington@twelvethree.co.uk",https://12x3gym.co.uk/
tridentdubai@136point1.ae,https://136point1.ae/
info@14StreetY.org,https://14streety.org/
